function,max_iter,seed,min_fx,max_fx,avg_fx,std_fx
McCourt11,50,30,0.9602240218670468,2.826979510120386,1.6982046871664591,0.48752533051472047
McCourt11,75,30,0.9602240218670468,2.074643730737824,1.4696161260011504,0.3507051209060606
McCourt11,100,30,0.880547303570941,2.074643730737824,1.377627529902163,0.3371437127483448
McCourt11,150,30,0.7105617325118718,1.9814773644126735,1.2418834921860238,0.3216195543066981
McCourt11,200,30,0.7105617325118718,1.8237961900020743,1.1951252330858102,0.2818293450455739
McCourt11,250,30,0.41353293347939246,1.5947659274410857,1.1384539332101236,0.2653453173453599
McCourt11,500,30,0.41353293347939246,1.362996172302831,0.9395339962892528,0.24172177208085663
McCourt11,1000,30,0.41353293347939246,1.1899671062577393,0.8146974182299517,0.1844414931395977
