function,max_iter,seed,min_fx,max_fx,avg_fx,std_fx
McCourt11,50,30,0.6785645780703848,2.619807594758829,1.2932523584988351,0.4461656605603087
McCourt11,75,30,0.583496429284236,1.6440934714357394,0.9144272588096775,0.29028805247671413
McCourt11,100,30,0.25537462089097307,1.380577745361468,0.6578027323825327,0.23089869375003186
McCourt11,150,30,0.061181541137075524,0.9791836079277825,0.38431468454330514,0.20204611105083112
McCourt11,200,30,0.023505631938703253,0.511380054416706,0.22017892642660458,0.11229822685624335
McCourt11,250,30,-0.03542571462807187,0.28095998658347043,0.10063848649734114,0.09304547985316562
McCourt11,500,30,-0.3006725743830625,-0.07287066105701001,-0.21589233376571498,0.05709881373061014
McCourt11,1000,30,-0.38780163684486046,-0.3713255237032209,-0.38254781572726276,0.004146377097455711
